{
	"hourly_aqi_excellent": {
		"title": "优",
		"order": 1,
		"min": 0,
		"max": 50,
		"color": [
			"绿色",
			"#FF88C343",
			"rgb(136,195,67)",
			"cmyk(30,0,65,23)",
			"hsv(87.65625,65.64%,76.47%)"
		]
	},
	"hourly_aqi_good": {
		"title": "良",
		"order": 2,
		"min": 51,
		"max": 100,
		"color": [
			"黄色",
			"#FFE1C43C",
			"rgb(225,196,60)",
			"cmyk(0,12,73,11)",
			"hsv(49.454544,73.33%,88.24%)"
		]
	},
	"hourly_aqi_mild": {
		"title": "轻度污染",
		"order": 3,
		"min": 101,
		"max": 150,
		"color": [
			"橙色",
			"#FFE39236",
			"rgb(227,146,54)",
			"cmyk(0,35,76,10)",
			"hsv(31.907516,76.21%,89.02%)"
		]
	},
	"hourly_aqi_moderate": {
		"title": "中度污染",
		"order": 4,
		"min": 151,
		"max": 200,
		"color": [
			"红色",
			"#FFE67040",
			"rgb(230,112,64)",
			"cmyk(0,51,72,9)",
			"hsv(17.349398,72.17%,90.20%)"
		]
	},
	"hourly_aqi_bad": {
		"title": "重度污染",
		"order": 5,
		"min": 201,
		"max": 300,
		"color": [
			"紫色",
			"#FFA187E2",
			"rgb(161,135,226)",
			"cmyk(28,40,0,11)",
			"hsv(257.14285,40.27%,88.63%)"
		]
	},
	"hourly_aqi_serious": {
		"title": "严重污染",
		"order": 6,
		"min": 301,
		"max": 0,
		"color": [
			"褐红色",
			"#FFB669A1",
			"rgb(182,105,161)",
			"cmyk(0,42,11,28)",
			"hsv(316.36365,42.31%,71.37%)",
		]
	}
}